water_depth_mm,forecast_precip_mm,Q_action0,Q_action1,Q_action2
0.0,0.0,3.356401205062866,3.2344624996185303,3.221536874771118
0.0,48.9795918367347,3.488706111907959,3.3587722778320312,3.3507182598114014
0.0,97.9591836734694,3.62101149559021,3.4830822944641113,3.4799001216888428
0.0,146.9387755102041,3.732203722000122,3.572815418243408,3.5751953125
0.0,195.9183673469388,3.737999677658081,3.5282068252563477,3.5312552452087402
0.0,244.89795918367346,3.7179269790649414,3.4706685543060303,3.47224760055542
0.0,293.8775510204082,3.5730233192443848,3.3289897441864014,3.3325233459472656
0.0,342.8571428571429,3.2054343223571777,3.1165883541107178,3.243277072906494
0.0,391.8367346938776,2.906270742416382,2.9489572048187256,3.174062490463257
0.0,440.81632653061223,2.815371513366699,2.9175944328308105,3.165821075439453
4.8979591836734695,0.0,3.2855277061462402,3.1724257469177246,3.1572184562683105
4.8979591836734695,48.9795918367347,3.417832374572754,3.2967355251312256,3.2863998413085938
4.8979591836734695,97.9591836734694,3.550137519836426,3.4210457801818848,3.415581703186035
4.8979591836734695,146.9387755102041,3.6720070838928223,3.5282647609710693,3.5280137062072754
4.8979591836734695,195.9183673469388,3.675524950027466,3.4834952354431152,3.4832088947296143
4.8979591836734695,244.89795918367346,3.6518211364746094,3.423475742340088,3.42177152633667
4.8979591836734695,293.8775510204082,3.510075092315674,3.2828004360198975,3.281332015991211
4.8979591836734695,342.8571428571429,3.2048540115356445,3.0902063846588135,3.177947759628296
4.8979591836734695,391.8367346938776,2.8904294967651367,2.912590265274048,3.1042654514312744
4.8979591836734695,440.81632653061223,2.799530506134033,2.8812272548675537,3.096024513244629
9.795918367346939,0.0,3.214653253555298,3.1103882789611816,3.0928988456726074
9.795918367346939,48.9795918367347,3.346958637237549,3.23469877243042,3.222081184387207
9.795918367346939,97.9591836734694,3.479264259338379,3.359009265899658,3.3512630462646484
9.795918367346939,146.9387755102041,3.6115691661834717,3.483318567276001,3.4804446697235107
9.795918367346939,195.9183673469388,3.6130504608154297,3.438783884048462,3.4351634979248047
9.795918367346939,244.89795918367346,3.585714817047119,3.376283645629883,3.37129545211792
9.795918367346939,293.8775510204082,3.443969249725342,3.2356083393096924,3.23085618019104
9.795918367346939,342.8571428571429,3.2042744159698486,3.0638251304626465,3.112619400024414
9.795918367346939,391.8367346938776,2.874589204788208,2.8762242794036865,3.0344693660736084
9.795918367346939,440.81632653061223,2.783690929412842,2.8448615074157715,3.026228666305542
14.693877551020408,0.0,3.143779754638672,3.048351526260376,3.028580665588379
14.693877551020408,48.9795918367347,3.2760848999023438,3.172661781311035,3.1577625274658203
14.693877551020408,97.9591836734694,3.4083900451660156,3.2969717979431152,3.2869439125061035
14.693877551020408,146.9387755102041,3.5406949520111084,3.421281099319458,3.416125535964966
14.693877551020408,195.9183673469388,3.5505754947662354,3.394073009490967,3.387117862701416
14.693877551020408,244.89795918367346,3.519608736038208,3.3290910720825195,3.32081937789917
14.693877551020408,293.8775510204082,3.3778624534606934,3.188415288925171,3.180379629135132
14.693877551020408,342.8571428571429,3.2036943435668945,3.0374433994293213,3.047290563583374
14.693877551020408,391.8367346938776,2.858747720718384,2.839855909347534,2.9646716117858887
14.693877551020408,440.81632653061223,2.7678487300872803,2.8084936141967773,2.9564309120178223
19.591836734693878,0.0,3.0729055404663086,2.986314296722412,2.964261531829834
19.591836734693878,48.9795918367347,3.2052106857299805,3.1106247901916504,3.0934433937072754
19.591836734693878,97.9591836734694,3.3375160694122314,3.2349348068237305,3.222625494003296
19.591836734693878,146.9387755102041,3.4684529304504395,3.359147787094116,3.351287364959717
19.591836734693878,195.9183673469388,3.488100051879883,3.349360942840576,3.339071273803711
19.591836734693878,244.89795918367346,3.453502893447876,3.2818987369537354,3.270343542098999
19.591836734693878,293.8775510204082,3.3117566108703613,3.1412227153778076,3.129903554916382
19.591836734693878,342.8571428571429,3.170010805130005,3.0005481243133545,2.98946475982666
19.591836734693878,391.8367346938776,2.842907667160034,2.803490161895752,2.8948755264282227
19.591836734693878,440.81632653061223,2.7520086765289307,2.772127151489258,2.886634349822998
24.48979591836735,0.0,3.0020318031311035,2.9242775440216064,2.8999428749084473
24.48979591836735,48.9795918367347,3.1343369483947754,3.0485875606536865,3.0291247367858887
24.48979591836735,97.9591836734694,3.2666423320770264,3.172898292541504,3.1583070755004883
24.48979591836735,146.9387755102041,3.395301103591919,3.296950578689575,3.286104917526245
24.48979591836735,195.9183673469388,3.4256253242492676,3.304649829864502,3.2910256385803223
24.48979591836735,244.89795918367346,3.3873963356018066,3.2347054481506348,3.2198665142059326
24.48979591836735,293.8775510204082,3.2456510066986084,3.0940308570861816,3.079427719116211
24.48979591836735,342.8571428571429,3.103905200958252,2.9533560276031494,2.93898868560791
24.48979591836735,391.8367346938776,2.8349437713623047,2.7722771167755127,2.8273844718933105
24.48979591836735,440.81632653061223,2.736168384552002,2.7357606887817383,2.8168375492095947
29.387755102040817,0.0,2.9311578273773193,2.8622405529022217,2.8356242179870605
29.387755102040817,48.9795918367347,3.063462734222412,2.9865500926971436,2.9648056030273438
29.387755102040817,97.9591836734694,3.195768117904663,3.110860824584961,3.0939879417419434
29.387755102040817,146.9387755102041,3.3221487998962402,3.2347521781921387,3.220921277999878
29.387755102040817,195.9183673469388,3.3631505966186523,3.2599384784698486,3.2429797649383545
29.387755102040817,244.89795918367346,3.3212904930114746,3.187513589859009,3.1693906784057617
29.387755102040817,293.8775510204082,3.179543972015381,3.04683780670166,3.0289509296417236
29.387755102040817,342.8571428571429,3.0377986431121826,2.906163215637207,2.888512372970581
29.387755102040817,391.8367346938776,2.8343636989593506,2.7458951473236084,2.7620553970336914
29.387755102040817,440.81632653061223,2.7203269004821777,2.6993930339813232,2.7470407485961914
34.285714285714285,0.0,2.860283851623535,2.800203561782837,2.7713053226470947
34.285714285714285,48.9795918367347,2.992588758468628,2.924513578414917,2.900486946105957
34.285714285714285,97.9591836734694,3.124894142150879,3.048823833465576,3.0296688079833984
34.285714285714285,146.9387755102041,3.2489969730377197,3.1725552082061768,3.155738592147827
34.285714285714285,195.9183673469388,3.300675392150879,3.215226650238037,3.1949334144592285
34.285714285714285,244.89795918367346,3.2551846504211426,3.1403212547302246,3.1189146041870117
34.285714285714285,293.8775510204082,3.113438367843628,2.999645709991455,2.978475332260132
34.285714285714285,342.8571428571429,2.9716920852661133,2.8589701652526855,2.838035821914673
34.285714285714285,391.8367346938776,2.8299460411071777,2.718294620513916,2.697596311569214
34.285714285714285,440.81632653061223,2.70448637008667,2.6630263328552246,2.677243947982788
39.183673469387756,0.0,2.78941011428833,2.738166332244873,2.706986427307129
39.183673469387756,48.9795918367347,2.921715259552002,2.8624765872955322,2.8361682891845703
39.183673469387756,97.9591836734694,3.054020404815674,2.9867866039276123,2.9653499126434326
39.183673469387756,146.9387755102041,3.17584490776062,3.1103575229644775,3.090555429458618
39.183673469387756,195.9183673469388,3.2382006645202637,3.170515775680542,3.146888017654419
39.183673469387756,244.89795918367346,3.1890780925750732,3.0931286811828613,3.068438768386841
39.183673469387756,293.8775510204082,3.0473320484161377,2.952453374862671,2.9279990196228027
39.183673469387756,342.8571428571429,2.9055867195129395,2.8117780685424805,2.787560224533081
39.183673469387756,391.8367346938776,2.7638401985168457,2.671102285385132,2.647120237350464
39.183673469387756,440.81632653061223,2.688645124435425,2.626659870147705,2.6074471473693848
44.08163265306123,0.0,2.718536138534546,2.6761295795440674,2.642667770385742
44.08163265306123,48.9795918367347,2.8508410453796387,2.8004393577575684,2.7718491554260254
44.08163265306123,97.9591836734694,2.9831466674804688,2.9247498512268066,2.901031732559204
44.08163265306123,146.9387755102041,3.1026928424835205,3.048159599304199,3.025372266769409
44.08163265306123,195.9183673469388,3.1757254600524902,3.1258039474487305,3.098841428756714
44.08163265306123,244.89795918367346,3.122972249984741,3.045936107635498,3.0179622173309326
44.08163265306123,293.8775510204082,2.9812259674072266,2.9052600860595703,2.8775224685668945
44.08163265306123,342.8571428571429,2.83948016166687,2.764585256576538,2.737083911895752
44.08163265306123,391.8367346938776,2.6977338790893555,2.6239101886749268,2.596644401550293
44.08163265306123,440.81632653061223,2.629211664199829,2.5764474868774414,2.5475311279296875
48.9795918367347,0.0,2.6476621627807617,2.6140923500061035,2.5783488750457764
48.9795918367347,48.9795918367347,2.7799673080444336,2.7384026050567627,2.7075307369232178
48.9795918367347,97.9591836734694,2.9122726917266846,2.862712860107422,2.836712598800659
48.9795918367347,146.9387755102041,3.029540777206421,2.985962152481079,2.9601893424987793
48.9795918367347,195.9183673469388,3.113250732421875,3.0810928344726562,3.050795555114746
48.9795918367347,244.89795918367346,3.05686616897583,2.9987435340881348,2.9674863815307617
48.9795918367347,293.8775510204082,2.9151201248168945,2.8580682277679443,2.8270468711853027
48.9795918367347,342.8571428571429,2.77337384223938,2.7173922061920166,2.6866073608398438
48.9795918367347,391.8367346938776,2.6316280364990234,2.5767178535461426,2.546168327331543
48.9795918367347,440.81632653061223,2.5577266216278076,2.5224082469940186,2.490346908569336
53.87755102040816,0.0,2.5767881870269775,2.5520553588867188,2.5140302181243896
53.87755102040816,48.9795918367347,2.7090930938720703,2.6763651371002197,2.643211603164673
53.87755102040816,97.9591836734694,2.8413987159729004,2.800675868988037,2.7723937034606934
53.87755102040816,146.9387755102041,2.9563887119293213,2.92376446723938,2.8950064182281494
53.87755102040816,195.9183673469388,3.0507760047912598,3.036381721496582,3.0027501583099365
53.87755102040816,244.89795918367346,2.99075984954834,2.9515507221221924,2.9170098304748535
53.87755102040816,293.8775510204082,2.8490138053894043,2.81087589263916,2.776571035385132
53.87755102040816,342.8571428571429,2.707268238067627,2.6702005863189697,2.636131763458252
53.87755102040816,391.8367346938776,2.5655219554901123,2.529524803161621,2.4956917762756348
53.87755102040816,440.81632653061223,2.4862430095672607,2.468370199203491,2.433163642883301
58.775510204081634,0.0,2.5059142112731934,2.490018606185913,2.449711561203003
58.775510204081634,48.9795918367347,2.6382193565368652,2.614328622817993,2.5788931846618652
58.775510204081634,97.9591836734694,2.770524501800537,2.7386386394500732,2.7080748081207275
58.775510204081634,146.9387755102041,2.8832364082336426,2.8615660667419434,2.8298227787017822
58.775510204081634,195.9183673469388,2.9833779335021973,2.983607292175293,2.9468023777008057
58.775510204081634,244.89795918367346,2.9246535301208496,2.904358148574829,2.8665335178375244
58.775510204081634,293.8775510204082,2.782907485961914,2.7636826038360596,2.7260940074920654
58.775510204081634,342.8571428571429,2.6411619186401367,2.6230077743530273,2.5856552124023438
58.775510204081634,391.8367346938776,2.4994149208068848,2.4823319911956787,2.4452152252197266
58.775510204081634,440.81632653061223,2.4147584438323975,2.41433048248291,2.375978946685791
63.673469387755105,0.0,2.43503999710083,2.42798113822937,2.385392189025879
63.673469387755105,48.9795918367347,2.567345380783081,2.5522913932800293,2.5145742893218994
63.673469387755105,97.9591836734694,2.699650526046753,2.6766016483306885,2.643756151199341
63.673469387755105,146.9387755102041,2.8100838661193848,2.799368381500244,2.7646398544311523
63.673469387755105,195.9183673469388,2.9102256298065186,2.9214093685150146,2.8816189765930176
63.673469387755105,244.89795918367346,2.8585476875305176,2.857165575027466,2.8160572052001953
63.673469387755105,293.8775510204082,2.716801643371582,2.7164902687072754,2.6756179332733154
63.673469387755105,342.8571428571429,2.5750555992126465,2.575815200805664,2.5351791381835938
63.673469387755105,391.8367346938776,2.4333090782165527,2.4351396560668945,2.3947396278381348
63.673469387755105,440.81632653061223,2.343273639678955,2.3602914810180664,2.3187947273254395
68.57142857142857,0.0,2.364166498184204,2.3659446239471436,2.3210740089416504
68.57142857142857,48.9795918367347,2.496471405029297,2.4902544021606445,2.4502553939819336
68.57142857142857,97.9591836734694,2.6287765502929688,2.6145646572113037,2.579437255859375
68.57142857142857,146.9387755102041,2.7369320392608643,2.737170934677124,2.6994569301605225
68.57142857142857,195.9183673469388,2.83707332611084,2.8592119216918945,2.8164358139038086
68.57142857142857,244.89795918367346,2.7924418449401855,2.8099732398986816,2.7655813694000244
68.57142857142857,293.8775510204082,2.650695323944092,2.669297933578491,2.6251418590545654
68.57142857142857,342.8571428571429,2.5089497566223145,2.528622627258301,2.4847025871276855
68.57142857142857,391.8367346938776,2.367203712463379,2.3879475593566895,2.3442635536193848
68.57142857142857,440.81632653061223,2.271790027618408,2.30625319480896,2.2616117000579834
73.46938775510205,0.0,2.293917655944824,2.3054940700531006,2.2582778930664062
73.46938775510205,48.9795918367347,2.425597906112671,2.428217887878418,2.385937213897705
73.46938775510205,97.9591836734694,2.5579030513763428,2.552527666091919,2.5151185989379883
73.46938775510205,146.9387755102041,2.6637797355651855,2.6749730110168457,2.6342732906341553
73.46938775510205,195.9183673469388,2.7639214992523193,2.7970142364501953,2.751253128051758
73.46938775510205,244.89795918367346,2.7263355255126953,2.7627809047698975,2.7151052951812744
73.46938775510205,293.8775510204082,2.5845892429351807,2.622105360031128,2.5746657848358154
73.46938775510205,342.8571428571429,2.4428436756134033,2.4814302921295166,2.4342267513275146
73.46938775510205,391.8367346938776,2.3010971546173096,2.340754985809326,2.2937874794006348
73.46938775510205,440.81632653061223,2.200305700302124,2.252213954925537,2.2044272422790527
78.36734693877551,0.0,2.2310843467712402,2.2638649940490723,2.2135469913482666
78.36734693877551,48.9795918367347,2.3547239303588867,2.366180658340454,2.321617603302002
78.36734693877551,97.9591836734694,2.4870290756225586,2.4904909133911133,2.4507999420166016
78.36734693877551,146.9387755102041,2.590627431869507,2.6127753257751465,2.5690903663635254
78.36734693877551,195.9183673469388,2.6907694339752197,2.734816312789917,2.6860697269439697
78.36734693877551,244.89795918367346,2.660229206085205,2.715588092803955,2.664628744125366
78.36734693877551,293.8775510204082,2.5184836387634277,2.574913263320923,2.5241899490356445
78.36734693877551,342.8571428571429,2.376737594604492,2.4342379570007324,2.3837506771087646
78.36734693877551,391.8367346938776,2.2349915504455566,2.2935619354248047,2.2433111667633057
78.36734693877551,440.81632653061223,2.1288211345672607,2.1981751918792725,2.1472434997558594
83.26530612244898,0.0,2.1682510375976562,2.222235918045044,2.168815851211548
83.26530612244898,48.9795918367347,2.2838499546051025,2.3041434288024902,2.2572989463806152
83.26530612244898,97.9591836734694,2.4161550998687744,2.4284539222717285,2.3864810466766357
83.26530612244898,146.9387755102041,2.5174758434295654,2.5505776405334473,2.5039076805114746
83.26530612244898,195.9183673469388,2.617617130279541,2.6726186275482178,2.6208865642547607
83.26530612244898,244.89795918367346,2.594122886657715,2.668395519256592,2.614152669906616
83.26530612244898,293.8775510204082,2.4523773193359375,2.5277204513549805,2.4737138748168945
83.26530612244898,342.8571428571429,2.310631275177002,2.387045383453369,2.3332743644714355
83.26530612244898,391.8367346938776,2.1688849925994873,2.2463696002960205,2.1928348541259766
83.26530612244898,440.81632653061223,2.0573372840881348,2.144136428833008,2.090059757232666
88.16326530612245,0.0,2.1054179668426514,2.1806068420410156,2.1240851879119873
88.16326530612245,48.9795918367347,2.2129757404327393,2.2421064376831055,2.1929800510406494
88.16326530612245,97.9591836734694,2.3441824913024902,2.3663392066955566,2.3217453956604004
88.16326530612245,146.9387755102041,2.4443235397338867,2.488380193710327,2.4387245178222656
88.16326530612245,195.9183673469388,2.5444650650024414,2.6104207038879395,2.5557034015655518
88.16326530612245,244.89795918367346,2.5280168056488037,2.6212034225463867,2.563676357269287
88.16326530612245,293.8775510204082,2.3862714767456055,2.480527639389038,2.4232370853424072
88.16326530612245,342.8571428571429,2.244525194168091,2.3398525714874268,2.2827978134155273
88.16326530612245,391.8367346938776,2.1027464866638184,2.1969714164733887,2.1405248641967773
88.16326530612245,440.81632653061223,1.9857720136642456,2.0846478939056396,2.0283451080322266
93.06122448979592,0.0,2.048264980316162,2.1380536556243896,2.0791680812835693
93.06122448979592,48.9795918367347,2.15911602973938,2.1976630687713623,2.1467173099517822
93.06122448979592,97.9591836734694,2.2843000888824463,2.301982879638672,2.2561278343200684
93.06122448979592,146.9387755102041,2.3882358074188232,2.4234061241149902,2.3729827404022217
93.06122448979592,195.9183673469388,2.4921715259552,2.5448288917541504,2.4898369312286377
93.06122448979592,244.89795918367346,2.4616012573242188,2.5529422760009766,2.4956860542297363
93.06122448979592,293.8775510204082,2.319807767868042,2.409024715423584,2.352551221847534
93.06122448979592,342.8571428571429,2.1780142784118652,2.265106678009033,2.209416389465332
93.06122448979592,391.8367346938776,2.0362203121185303,2.1211886405944824,2.06628155708313
93.06122448979592,440.81632653061223,1.913867473602295,2.002018690109253,1.9473932981491089
97.9591836734694,0.0,2.018887996673584,2.0909810066223145,2.033341884613037
97.9591836734694,48.9795918367347,2.1297388076782227,2.150589942932129,2.100890636444092
97.9591836734694,97.9591836734694,2.2446038722991943,2.2343413829803467,2.1898491382598877
97.9591836734694,146.9387755102041,2.3485395908355713,2.355764627456665,2.306703567504883
97.9591836734694,195.9183673469388,2.436072826385498,2.4659805297851562,2.412581205368042
97.9591836734694,244.89795918367346,2.3950748443603516,2.4771597385406494,2.4214422702789307
97.9591836734694,293.8775510204082,2.253281593322754,2.3332419395446777,2.2783074378967285
97.9591836734694,342.8571428571429,2.111487865447998,2.189323902130127,2.1351723670959473
97.9591836734694,391.8367346938776,1.9696940183639526,2.045405387878418,1.9920369386672974
97.9591836734694,440.81632653061223,1.8419630527496338,1.919389247894287,1.8664416074752808
102.85714285714286,0.0,1.9895110130310059,2.0439090728759766,1.9875153303146362
102.85714285714286,48.9795918367347,2.1003615856170654,2.103517532348633,2.0550642013549805
102.85714285714286,97.9591836734694,2.2049076557159424,2.1667001247406006,2.123570442199707
102.85714285714286,146.9387755102041,2.3088436126708984,2.288123369216919,2.240424871444702
102.85714285714286,195.9183673469388,2.357633590698242,2.3718671798706055,2.320373058319092
102.85714285714286,244.89795918367346,2.3285484313964844,2.401376962661743,2.347198486328125
102.85714285714286,293.8775510204082,2.186755418777466,2.2574594020843506,2.204063892364502
102.85714285714286,342.8571428571429,2.044961452484131,2.1135413646698,2.0609288215637207
102.85714285714286,391.8367346938776,1.9031672477722168,1.9696221351623535,1.9177926778793335
102.85714285714286,440.81632653061223,1.7700583934783936,1.8367600440979004,1.7854896783828735
107.75510204081633,0.0,1.96013343334198,1.9968359470367432,1.9416884183883667
107.75510204081633,48.9795918367347,2.070984363555908,2.0564451217651367,2.00923752784729
107.75510204081633,97.9591836734694,2.171623945236206,2.1153340339660645,2.0729126930236816
107.75510204081633,146.9387755102041,2.2691471576690674,2.220482349395752,2.1741461753845215
107.75510204081633,195.9183673469388,2.279193878173828,2.2777531147003174,2.2281644344329834
107.75510204081633,244.89795918367346,2.2513058185577393,2.3091042041778564,2.2567946910858154
107.75510204081633,293.8775510204082,2.1202287673950195,2.181675910949707,2.129819631576538
107.75510204081633,342.8571428571429,1.9784352779388428,2.0377581119537354,1.9866846799850464
107.75510204081633,391.8367346938776,1.8366413116455078,1.8938398361206055,1.8435496091842651
107.75510204081633,440.81632653061223,1.6981539726257324,1.7541307210922241,1.7045382261276245
112.6530612244898,0.0,1.9307562112808228,1.949763536453247,1.8958619832992554
112.6530612244898,48.9795918367347,2.041607141494751,2.0093724727630615,1.9634109735488892
112.6530612244898,97.9591836734694,2.1399686336517334,2.068100690841675,2.026221990585327
112.6530612244898,146.9387755102041,2.2286429405212402,2.1522889137268066,2.1073265075683594
112.6530612244898,195.9183673469388,2.2007548809051514,2.1836400032043457,2.1359565258026123
112.6530612244898,244.89795918367346,2.1728668212890625,2.214991331100464,2.1645870208740234
112.6530612244898,293.8775510204082,2.053701877593994,2.1058924198150635,2.055575132369995
112.6530612244898,342.8571428571429,1.9119088649749756,1.961975336074829,1.9124406576156616
112.6530612244898,391.8367346938776,1.7701150178909302,1.8180568218231201,1.7693055868148804
112.6530612244898,440.81632653061223,1.628321886062622,1.6741396188735962,1.6261714696884155
117.55102040816327,0.0,1.901379108428955,1.902691125869751,1.850035548210144
117.55102040816327,48.9795918367347,2.012230157852173,1.9623005390167236,1.917584776878357
117.55102040816327,97.9591836734694,2.1083133220672607,2.0208675861358643,1.979531168937683
117.55102040816327,146.9387755102041,2.1502039432525635,2.058175563812256,2.0151188373565674
117.55102040816327,195.9183673469388,2.1223158836364746,2.089526414871216,2.043748617172241
117.55102040816327,244.89795918367346,2.0944275856018066,2.120877504348755,2.0723788738250732
117.55102040816327,293.8775510204082,1.9871764183044434,2.0301105976104736,1.9813321828842163
117.55102040816327,342.8571428571429,1.8453826904296875,1.8861923217773438,1.838197112083435
117.55102040816327,391.8367346938776,1.7035884857177734,1.7422738075256348,1.6950615644454956
117.55102040816327,440.81632653061223,1.5617953538894653,1.5983562469482422,1.551927089691162
122.44897959183673,0.0,1.8548939228057861,1.8439288139343262,1.7927592992782593
122.44897959183673,48.9795918367347,1.9828529357910156,1.9152276515960693,1.8717583417892456
122.44897959183673,97.9591836734694,2.076657772064209,1.9736342430114746,1.9328402280807495
122.44897959183673,146.9387755102041,2.071859836578369,1.9739303588867188,1.932313084602356
122.44897959183673,195.9183673469388,2.0438764095306396,1.9954123497009277,1.9515403509140015
122.44897959183673,244.89795918367346,2.0159881114959717,2.026763916015625,1.9801706075668335
122.44897959183673,293.8775510204082,1.920649766921997,1.95432710647583,1.9070879220962524
122.44897959183673,342.8571428571429,1.7788560390472412,1.8104093074798584,1.7639530897140503
122.44897959183673,391.8367346938776,1.6370623111724854,1.6664910316467285,1.62081778049469
122.44897959183673,440.81632653061223,1.4952690601348877,1.5225735902786255,1.477683424949646
127.34693877551021,0.0,1.7911510467529297,1.7733750343322754,1.723933219909668
127.34693877551021,48.9795918367347,1.9534757137298584,1.8681550025939941,1.8259316682815552
127.34693877551021,97.9591836734694,2.021908760070801,1.9106216430664062,1.8706938028335571
127.34693877551021,146.9387755102041,1.9935657978057861,1.8948304653167725,1.854408860206604
127.34693877551021,195.9183673469388,1.965437650680542,1.901299238204956,1.8593326807022095
127.34693877551021,244.89795918367346,1.937549114227295,1.9326503276824951,1.8879624605178833
127.34693877551021,293.8775510204082,1.854123592376709,1.8785443305969238,1.8328441381454468
127.34693877551021,342.8571428571429,1.7123298645019531,1.734626293182373,1.689709186553955
127.34693877551021,391.8367346938776,1.5705360174179077,1.5907080173492432,1.5465738773345947
127.34693877551021,440.81632653061223,1.428742527961731,1.4467902183532715,1.4034391641616821
132.24489795918367,0.0,1.7274075746536255,1.702820897102356,1.6551066637039185
132.24489795918367,48.9795918367347,1.9045003652572632,1.8076915740966797,1.7669888734817505
132.24489795918367,97.9591836734694,1.9436149597167969,1.8315215110778809,1.7927895784378052
132.24489795918367,146.9387755102041,1.9152711629867554,1.8157293796539307,1.776504397392273
132.24489795918367,195.9183673469388,1.886998176574707,1.8071855306625366,1.7671242952346802
132.24489795918367,244.89795918367346,1.85910964012146,1.8385365009307861,1.795754313468933
132.24489795918367,293.8775510204082,1.7875972986221313,1.8027617931365967,1.7586003541946411
132.24489795918367,342.8571428571429,1.645803451538086,1.6588433980941772,1.6154652833938599
132.24489795918367,391.8367346938776,1.5040090084075928,1.5149245262145996,1.4723294973373413
132.24489795918367,440.81632653061223,1.3622162342071533,1.3710076808929443,1.3291956186294556
137.14285714285714,0.0,1.6636648178100586,1.632266879081726,1.5862807035446167
137.14285714285714,48.9795918367347,1.8407577276229858,1.737138271331787,1.6981630325317383
137.14285714285714,97.9591836734694,1.8653204441070557,1.7524207830429077,1.714884877204895
137.14285714285714,146.9387755102041,1.8369770050048828,1.7366288900375366,1.6985995769500732
137.14285714285714,195.9183673469388,1.808633804321289,1.7208372354507446,1.6823146343231201
137.14285714285714,244.89795918367346,1.7806706428527832,1.744423270225525,1.703546404838562
137.14285714285714,293.8775510204082,1.7210711240768433,1.7269788980484009,1.6843568086624146
137.14285714285714,342.8571428571429,1.5792771577835083,1.583060622215271,1.5412214994430542
137.14285714285714,391.8367346938776,1.437483310699463,1.4391422271728516,1.3980861902236938
137.14285714285714,440.81632653061223,1.2956898212432861,1.295224905014038,1.2549519538879395
142.0408163265306,0.0,1.5999213457107544,1.561712622642517,1.5174540281295776
142.0408163265306,48.9795918367347,1.7770143747329712,1.666583776473999,1.6293363571166992
142.0408163265306,97.9591836734694,1.7870261669158936,1.6733204126358032,1.6369805335998535
142.0408163265306,146.9387755102041,1.7586827278137207,1.6575281620025635,1.6206951141357422
142.0408163265306,195.9183673469388,1.730339765548706,1.6417367458343506,1.6044102907180786
142.0408163265306,244.89795918367346,1.7022311687469482,1.6503093242645264,1.6113382577896118
142.0408163265306,293.8775510204082,1.6545443534851074,1.6511955261230469,1.6101123094558716
142.0408163265306,342.8571428571429,1.5127508640289307,1.5072779655456543,1.466977834701538
142.0408163265306,391.8367346938776,1.3709568977355957,1.3633592128753662,1.3238420486450195
142.0408163265306,440.81632653061223,1.2291638851165771,1.2194418907165527,1.1807078123092651
146.9387755102041,0.0,1.536178469657898,1.4911590814590454,1.4486280679702759
146.9387755102041,48.9795918367347,1.713270902633667,1.596029281616211,1.5605098009109497
146.9387755102041,97.9591836734694,1.7087321281433105,1.5942198038101196,1.5590764284133911
146.9387755102041,146.9387755102041,1.680388331413269,1.5784276723861694,1.5427906513214111
146.9387755102041,195.9183673469388,1.6520451307296753,1.5626360177993774,1.526505470275879
146.9387755102041,244.89795918367346,1.6237918138504028,1.556195855140686,1.519129991531372
146.9387755102041,293.8775510204082,1.5880179405212402,1.5754125118255615,1.5358682870864868
146.9387755102041,342.8571428571429,1.4462244510650635,1.4314944744110107,1.3927334547042847
146.9387755102041,391.8367346938776,1.3044304847717285,1.2875763177871704,1.2495983839035034
146.9387755102041,440.81632653061223,1.1626373529434204,1.143658995628357,1.106464147567749
151.83673469387756,0.0,1.472435474395752,1.4206050634384155,1.379801630973816
151.83673469387756,48.9795918367347,1.6495282649993896,1.5254757404327393,1.491683840751648
151.83673469387756,97.9591836734694,1.6304377317428589,1.515119194984436,1.481171727180481
151.83673469387756,146.9387755102041,1.6020941734313965,1.499327301979065,1.4648864269256592
151.83673469387756,195.9183673469388,1.5737512111663818,1.4835354089736938,1.4486013650894165
151.83673469387756,244.89795918367346,1.545407772064209,1.46774423122406,1.4323164224624634
151.83673469387756,293.8775510204082,1.5174651145935059,1.4934340715408325,1.4555528163909912
151.83673469387756,342.8571428571429,1.3796985149383545,1.3557122945785522,1.3184901475906372
151.83673469387756,391.8367346938776,1.2379041910171509,1.2117934226989746,1.1753544807434082
151.83673469387756,440.81632653061223,1.0961110591888428,1.0678761005401611,1.0322201251983643
156.73469387755102,0.0,1.4086922407150269,1.3500508069992065,1.3109753131866455
156.73469387755102,48.9795918367347,1.5804862976074219,1.451809287071228,1.4195514917373657
156.73469387755102,97.9591836734694,1.5521434545516968,1.4360183477401733,1.4032671451568604
156.73469387755102,146.9387755102041,1.5237998962402344,1.4202265739440918,1.3869819641113281
156.73469387755102,195.9183673469388,1.495456576347351,1.4044349193572998,1.3706966638565063
156.73469387755102,244.89795918367346,1.4671134948730469,1.388643741607666,1.3544121980667114
156.73469387755102,293.8775510204082,1.4390254020690918,1.3993197679519653,1.3633441925048828
156.73469387755102,342.8571428571429,1.3131722211837769,1.2799291610717773,1.244246244430542
156.73469387755102,391.8367346938776,1.1713777780532837,1.1360106468200684,1.101110577583313
156.73469387755102,440.81632653061223,1.0260995626449585,0.9913063645362854,0.9581133127212524
161.6326530612245,0.0,1.3449491262435913,1.279496669769287,1.242148756980896
161.6326530612245,48.9795918367347,1.5021917819976807,1.3727084398269653,1.3416467905044556
161.6326530612245,97.9591836734694,1.4738490581512451,1.3569180965423584,1.3253628015518188
161.6326530612245,146.9387755102041,1.4455056190490723,1.3411258459091187,1.309077262878418
161.6326530612245,195.9183673469388,1.417162537574768,1.325334072113037,1.2927920818328857
161.6326530612245,244.89795918367346,1.3888189792633057,1.3095426559448242,1.2765072584152222
161.6326530612245,293.8775510204082,1.360586404800415,1.305206298828125,1.2711361646652222
161.6326530612245,342.8571428571429,1.246645450592041,1.2041460275650024,1.1700021028518677
161.6326530612245,391.8367346938776,1.104851484298706,1.060227632522583,1.0268667936325073
161.6326530612245,440.81632653061223,0.9475516080856323,0.9128102660179138,0.884343147277832
166.53061224489795,0.0,1.2841298580169678,1.2121901512145996,1.1764991283416748
166.53061224489795,48.9795918367347,1.4238981008529663,1.2936086654663086,1.2637429237365723
166.53061224489795,97.9591836734694,1.395555019378662,1.2778173685073853,1.2474583387374878
166.53061224489795,146.9387755102041,1.3672114610671997,1.2620255947113037,1.2311731576919556
166.53061224489795,195.9183673469388,1.3388686180114746,1.2462338209152222,1.214888095855713
166.53061224489795,244.89795918367346,1.3105249404907227,1.2304422855377197,1.1986030340194702
166.53061224489795,293.8775510204082,1.2821816205978394,1.2146507501602173,1.182318091392517
166.53061224489795,342.8571428571429,1.180119276046753,1.1283636093139648,1.0957586765289307
166.53061224489795,391.8367346938776,1.0361905097961426,0.9839630722999573,0.9527071714401245
166.53061224489795,440.81632653061223,0.8690047860145569,0.8343146443367004,0.8105732202529907
171.42857142857144,0.0,1.2781541347503662,1.200055480003357,1.1643985509872437
171.42857142857144,48.9795918367347,1.3456034660339355,1.2145075798034668,1.185838222503662
171.42857142857144,97.9591836734694,1.3172603845596313,1.198716402053833,1.1695536375045776
171.42857142857144,146.9387755102041,1.2889171838760376,1.182924747467041,1.1532684564590454
171.42857142857144,195.9183673469388,1.2605739831924438,1.167133092880249,1.1369833946228027
171.42857142857144,244.89795918367346,1.2322309017181396,1.1513420343399048,1.1206988096237183
171.42857142857144,293.8775510204082,1.2038871049880981,1.1355499029159546,1.1044131517410278
171.42857142857144,342.8571428571429,1.1135931015014648,1.0525805950164795,1.021514654159546
171.42857142857144,391.8367346938776,0.9576423764228821,0.9054667353630066,0.8789366483688354
171.42857142857144,440.81632653061223,0.7904571294784546,0.7558181285858154,0.7368030548095703
176.3265306122449,0.0,1.279147982597351,1.1947640180587769,1.1589261293411255
176.3265306122449,48.9795918367347,1.2673091888427734,1.135406732559204,1.1079336404800415
176.3265306122449,97.9591836734694,1.2389662265777588,1.1196162700653076,1.0916494131088257
176.3265306122449,146.9387755102041,1.210622787475586,1.1038241386413574,1.0753638744354248
176.3265306122449,195.9183673469388,1.1822794675827026,1.0880321264266968,1.059078574180603
176.3265306122449,244.89795918367346,1.1539361476898193,1.072240948677063,1.042793869972229
176.3265306122449,293.8775510204082,1.1255927085876465,1.0564494132995605,1.0265086889266968
176.3265306122449,342.8571428571429,1.0462818145751953,0.9766202569007874,0.9473016262054443
176.3265306122449,391.8367346938776,0.8790947794914246,0.826970636844635,0.8051666021347046
176.3265306122449,440.81632653061223,0.7119095921516418,0.6773223280906677,0.663033127784729
181.22448979591837,0.0,1.2801419496536255,1.1894726753234863,1.1534539461135864
181.22448979591837,48.9795918367347,1.1890149116516113,1.0563064813613892,1.030029296875
181.22448979591837,97.9591836734694,1.1606721878051758,1.0405157804489136,1.0137449502944946
181.22448979591837,146.9387755102041,1.1323286294937134,1.0247234106063843,0.9974592924118042
181.22448979591837,195.9183673469388,1.1039854288101196,1.0089318752288818,0.9811744689941406
181.22448979591837,244.89795918367346,1.0756418704986572,0.9931403994560242,0.9648892879486084
181.22448979591837,293.8775510204082,1.047298789024353,0.9773492217063904,0.9486047029495239
181.22448979591837,342.8571428571429,0.9672582149505615,0.8994681239128113,0.8749363422393799
181.22448979591837,391.8367346938776,0.8005478382110596,0.7484747767448425,0.7313969135284424
181.22448979591837,440.81632653061223,0.6333622336387634,0.5988262891769409,0.5892630815505981
186.12244897959184,0.0,1.2811357975006104,1.184181809425354,1.1479820013046265
186.12244897959184,48.9795918367347,1.1107205152511597,0.9772056937217712,0.9521245956420898
186.12244897959184,97.9591836734694,1.0823777914047241,0.9614148736000061,0.9358402490615845
186.12244897959184,146.9387755102041,1.0540343523025513,0.945622980594635,0.9195550680160522
186.12244897959184,195.9183673469388,1.0256911516189575,0.9298314452171326,0.9032700061798096
186.12244897959184,244.89795918367346,0.9973476529121399,0.9140401482582092,0.8869853019714355
186.12244897959184,293.8775510204082,0.9573329091072083,0.8956138491630554,0.8711596727371216
186.12244897959184,342.8571428571429,0.8837943077087402,0.834841787815094,0.8156684637069702
186.12244897959184,391.8367346938776,0.7219998240470886,0.6699783802032471,0.6576263904571533
186.12244897959184,440.81632653061223,0.5548139810562134,0.5203295350074768,0.5154925584793091
191.0204081632653,0.0,1.2821296453475952,1.178890347480774,1.1425096988677979
191.0204081632653,48.9795918367347,1.0328737497329712,0.8986020684242249,0.8747062683105469
191.0204081632653,97.9591836734694,1.0040836334228516,0.8823142647743225,0.8579357862472534
191.0204081632653,146.9387755102041,0.9757400155067444,0.8665227293968201,0.8416509628295898
191.0204081632653,195.9183673469388,0.9473968148231506,0.8507304787635803,0.8253651857376099
191.0204081632653,244.89795918367346,0.913051187992096,0.8335849642753601,0.8093173503875732
191.0204081632653,293.8775510204082,0.8632113337516785,0.8129411339759827,0.7938789129257202
191.0204081632653,342.8571428571429,0.8003315329551697,0.7702171206474304,0.7564018964767456
191.0204081632653,391.8367346938776,0.6434526443481445,0.5914826393127441,0.583856463432312
191.0204081632653,440.81632653061223,0.4762665629386902,0.44183361530303955,0.44172242283821106
195.9183673469388,0.0,1.28312349319458,1.1735987663269043,1.1370373964309692
195.9183673469388,48.9795918367347,0.9570619463920593,0.822259247303009,0.7994993925094604
195.9183673469388,97.9591836734694,0.9257891178131104,0.8032136559486389,0.7800313234329224
195.9183673469388,146.9387755102041,0.8974456191062927,0.7874221205711365,0.7637461423873901
195.9183673469388,195.9183673469388,0.868769109249115,0.7715547680854797,0.7474740743637085
195.9183673469388,244.89795918367346,0.8189290165901184,0.75091153383255,0.7320362329483032
195.9183673469388,293.8775510204082,0.7690894603729248,0.7302681803703308,0.7165982723236084
195.9183673469388,342.8571428571429,0.716867983341217,0.70559161901474,0.6971346139907837
195.9183673469388,391.8367346938776,0.5649046897888184,0.5129863619804382,0.510086178779602
195.9183673469388,440.81632653061223,0.3977190852165222,0.36333757638931274,0.36795225739479065
200.81632653061226,0.0,1.2834306955337524,1.1681525707244873,1.1315923929214478
200.81632653061226,48.9795918367347,0.8812505006790161,0.7459164261817932,0.7242927551269531
200.81632653061226,97.9591836734694,0.8474945425987244,0.7241126894950867,0.7021263837814331
200.81632653061226,146.9387755102041,0.8191512227058411,0.708321213722229,0.68584144115448
200.81632653061226,195.9183673469388,0.7746472358703613,0.6888819336891174,0.6701931953430176
200.81632653061226,244.89795918367346,0.7248074412345886,0.6682390570640564,0.6547558307647705
200.81632653061226,293.8775510204082,0.6749675273895264,0.6475951075553894,0.6393173933029175
200.81632653061226,342.8571428571429,0.6251278519630432,0.6269516944885254,0.6238793134689331
200.81632653061226,391.8367346938776,0.48165369033813477,0.4477599263191223,0.4501906931400299
200.81632653061226,440.81632653061223,0.3191711902618408,0.2848411798477173,0.2941819727420807
205.71428571428572,0.0,1.2646111249923706,1.1583890914916992,1.1269009113311768
205.71428571428572,48.9795918367347,0.8054393529891968,0.6695734858512878,0.6490856409072876
205.71428571428572,97.9591836734694,0.7692003846168518,0.6450121998786926,0.6242220401763916
205.71428571428572,146.9387755102041,0.7303651571273804,0.6268526315689087,0.6083507537841797
205.71428571428572,195.9183673469388,0.6805253624916077,0.606208860874176,0.5929124355316162
205.71428571428572,244.89795918367346,0.6306859850883484,0.5855662822723389,0.5774751901626587
205.71428571428572,293.8775510204082,0.5808457136154175,0.564922034740448,0.5620365142822266
205.71428571428572,342.8571428571429,0.5310062766075134,0.5442789793014526,0.5465989112854004
205.71428571428572,391.8367346938776,0.3981906771659851,0.38313478231430054,0.39092400670051575
205.71428571428572,440.81632653061223,0.24062414467334747,0.20634566247463226,0.2204124629497528
210.6122448979592,0.0,1.2457913160324097,1.1486262083053589,1.1222096681594849
210.6122448979592,48.9795918367347,0.7296277284622192,0.5932304859161377,0.5738788843154907
210.6122448979592,97.9591836734694,0.686083197593689,0.5648233294487,0.5465080738067627
210.6122448979592,146.9387755102041,0.6362431049346924,0.5441794991493225,0.5310697555541992
210.6122448979592,195.9183673469388,0.5864037871360779,0.523536205291748,0.5156317949295044
210.6122448979592,244.89795918367346,0.53656405210495,0.5028930902481079,0.5001941919326782
210.6122448979592,293.8775510204082,0.48672401905059814,0.4822492003440857,0.4847557842731476
210.6122448979592,342.8571428571429,0.4368841052055359,0.4616057276725769,0.46931758522987366
210.6122448979592,391.8367346938776,0.3147270679473877,0.3185092806816101,0.33165666460990906
210.6122448979592,440.81632653061223,0.16207607090473175,0.12784890830516815,0.14664170145988464
215.51020408163265,0.0,1.2269715070724487,1.1388626098632812,1.1175179481506348
215.51020408163265,48.9795918367347,0.6538162231445312,0.5168877243995667,0.4986720383167267
215.51020408163265,97.9591836734694,0.5919610261917114,0.4821498990058899,0.4692268669605255
215.51020408163265,146.9387755102041,0.5421209335327148,0.46150630712509155,0.45378872752189636
215.51020408163265,195.9183673469388,0.4922819137573242,0.4408629536628723,0.43835070729255676
215.51020408163265,244.89795918367346,0.4424419403076172,0.42021995782852173,0.42291316390037537
215.51020408163265,293.8775510204082,0.3926020860671997,0.39957600831985474,0.40747472643852234
215.51020408163265,342.8571428571429,0.3427625298500061,0.37893277406692505,0.39203694462776184
215.51020408163265,391.8367346938776,0.2312634140253067,0.2538835406303406,0.27238914370536804
215.51020408163265,440.81632653061223,0.07951433956623077,0.060679420828819275,0.08471450209617615
220.40816326530611,0.0,1.2081520557403564,1.1290993690490723,1.1128264665603638
220.40816326530611,48.9795918367347,0.5630232095718384,0.43716347217559814,0.42405572533607483
220.40816326530611,97.9591836734694,0.4978395104408264,0.39947688579559326,0.3919459879398346
220.40816326530611,146.9387755102041,0.44799983501434326,0.378834068775177,0.376508504152298
220.40816326530611,195.9183673469388,0.39816009998321533,0.35819005966186523,0.3610699474811554
220.40816326530611,244.89795918367346,0.3483204245567322,0.3375473618507385,0.3456327021121979
220.40816326530611,293.8775510204082,0.29848068952560425,0.31690365076065063,0.3301943838596344
220.40816326530611,342.8571428571429,0.24864114820957184,0.2962604761123657,0.3147566616535187
220.40816326530611,391.8367346938776,0.14780046045780182,0.18925867974758148,0.21312257647514343
220.40816326530611,440.81632653061223,-0.003948971629142761,-0.0039457231760025024,0.025447577238082886
225.3061224489796,0.0,1.1822125911712646,1.114109992980957,1.1030839681625366
225.3061224489796,48.9795918367347,0.47138386964797974,0.35724812746047974,0.349472314119339
225.3061224489796,97.9591836734694,0.40371763706207275,0.3168042302131653,0.31466540694236755
225.3061224489796,146.9387755102041,0.3538782596588135,0.29616081714630127,0.2992275059223175
225.3061224489796,195.9183673469388,0.30403852462768555,0.27551722526550293,0.2837893068790436
225.3061224489796,244.89795918367346,0.25419825315475464,0.25487393140792847,0.26835140585899353
225.3061224489796,293.8775510204082,0.20435871183872223,0.23423044383525848,0.25291338562965393
225.3061224489796,342.8571428571429,0.15451879799365997,0.21358691155910492,0.23747536540031433
225.3061224489796,391.8367346938776,0.06433667242527008,0.12463279068470001,0.1538548767566681
225.3061224489796,440.81632653061223,-0.0874125212430954,-0.06857122480869293,-0.03381970524787903
230.20408163265307,0.0,1.1557596921920776,1.1039806604385376,1.0973213911056519
230.20408163265307,48.9795918367347,0.3797450661659241,0.27733296155929565,0.2748892605304718
230.20408163265307,97.9591836734694,0.30959564447402954,0.2341310828924179,0.23738446831703186
230.20408163265307,146.9387755102041,0.25975602865219116,0.21348758041858673,0.2219463288784027
230.20408163265307,195.9183673469388,0.20991630852222443,0.192843958735466,0.20650815963745117
230.20408163265307,244.89795918367346,0.16007687151432037,0.17220140993595123,0.1910710632801056
230.20408163265307,293.8775510204082,0.1102370172739029,0.15155743062496185,0.175632506608963
230.20408163265307,342.8571428571429,0.06039722263813019,0.13091395795345306,0.16019445657730103
230.20408163265307,391.8367346938776,-0.019126519560813904,0.06000731885433197,0.09458765387535095
230.20408163265307,440.81632653061223,-0.17087595164775848,-0.13319678604602814,-0.09308698773384094
235.10204081632654,0.0,1.191658854484558,1.1582164764404297,1.1528352499008179
235.10204081632654,48.9795918367347,0.2881065011024475,0.1974179595708847,0.200306236743927
235.10204081632654,97.9591836734694,0.2154739648103714,0.15145833790302277,0.16010397672653198
235.10204081632654,146.9387755102041,0.16563455760478973,0.13081534206867218,0.1446664035320282
235.10204081632654,195.9183673469388,0.11579452455043793,0.11017106473445892,0.12922748923301697
235.10204081632654,244.89795918367346,0.06595505774021149,0.08952821791172028,0.11379000544548035
235.10204081632654,293.8775510204082,0.016115263104438782,0.06888483464717865,0.09835189580917358
235.10204081632654,342.8571428571429,-0.03372441232204437,0.048241183161735535,0.08291387557983398
235.10204081632654,391.8367346938776,-0.10259006917476654,-0.004617795348167419,0.035320788621902466
235.10204081632654,440.81632653061223,-0.2543390393257141,-0.19782163202762604,-0.15235361456871033
240.0,0.0,1.2275587320327759,1.2124528884887695,1.2083494663238525
240.0,48.9795918367347,0.1964671015739441,0.1175026148557663,0.12572288513183594
240.0,97.9591836734694,0.12135213613510132,0.06878526508808136,0.08282282948493958
240.0,146.9387755102041,0.07151247560977936,0.04814206063747406,0.06738519668579102
240.0,195.9183673469388,0.02167282998561859,0.027498483657836914,0.05194699764251709
240.0,244.89795918367346,-0.0281665176153183,0.006855696439743042,0.03650948405265808
240.0,293.8775510204082,-0.07800649106502533,-0.013788148760795593,0.021071285009384155
240.0,342.8571428571429,-0.1278461068868637,-0.03443168103694916,0.0056330859661102295
240.0,391.8367346938776,-0.18605338037014008,-0.06924320757389069,-0.023946374654769897
240.0,440.81632653061223,-0.33780282735824585,-0.2624477744102478,-0.21162149310112
